Workbook

Sheet Hướng dẫn
A1: MẪU DASHBOARD — Hội thi AI · Trợ lý công vụ 2026
A2: Thay dữ liệu ở sheet 'Dữ liệu' và các ô màu xanh/nền vàng; mọi ô khác là công thức, tự tính lại.
A4: Quy ước màu
A5: Chữ xanh | B5: Số nhập tay (dữ liệu, mục tiêu, trọng số, điểm). Được sửa.
A6: Chữ đen | B6: Công thức. Không sửa, trừ khi đổi cấu trúc.
A7: Nền vàng | B7: Giả định then chốt / ô bắt buộc điền theo đề.
A9: Thứ tự dùng trong phòng thi
A10: 1 | B10: Sheet 'Dữ liệu': dán CSV từ prompt P6 (hoặc dữ liệu đề cho) vào A5:H16. Ghi nguồn vào ô A3.
A11: 2 | B11: Sheet 'KPI': kiểm 6 chỉ số hiện trạng đã tự tính; điền Mục tiêu và Ngưỡng cảnh báo (chữ xanh).
A12: 3 | B12: Sheet 'So sánh phương án': điền trọng số (tổng phải = 100%) và điểm 1–5 từ prompt P3; tổng có trọng số tự tính.
A13: 4 | B13: Sheet 'Kịch bản': điền % thay đổi cho 3 kịch bản (chữ xanh); giá trị dự kiến tự tính từ hiện trạng.
A14: 5 | B14: Sheet 'Dashboard': biểu đồ tự cập nhật. Đổi tiêu đề biểu đồ thành câu kết luận (ví dụ: 'Thời gian xử lý tăng 40% trong 6 tháng cuối').
A15: 6 | B15: Sheet 'Ý nghĩa quản trị': dán 3 câu/chỉ số từ prompt P7. Đây là phần giám khảo đọc kỹ nhất.
A17: Nguồn số liệu mẫu | B17: Toàn bộ số trong file là [GIẢ ĐỊNH] để minh hoạ cấu trúc, không phải số thật của đơn vị nào.

Sheet Dữ liệu
A1: DỮ LIỆU THÔ — 12 tháng gần nhất
A3: Nguồn: [GIẢ ĐỊNH] số liệu mô phỏng để minh hoạ. Khi thi: ghi 'Nguồn: đề bài' hoặc 'Nguồn: hệ thống … xuất ngày …'.
A4: Tháng | B4: Hồ sơ tiếp nhận | C4: Xử lý đúng hạn | D4: Thời gian xử lý TB (ngày) | E4: Lỗi / trả lại | F4: Khiếu nại | G4: Giờ công cán bộ | H4: Chi phí (triệu đồng) | I4: Tỷ lệ đúng hạn | J4: Tỷ lệ lỗi | K4: Giờ công / hồ sơ | L4: Chi phí / hồ sơ (triệu)
A5: 09/2025 | B5: 1180 | C5: 1015 | D5: 4.2 | E5: 71 | F5: 9 | G5: 2240 | H5: 168 | I5: =IF(B5=0,0,C5/B5) -> 0.86016949 | J5: =IF(B5=0,0,E5/B5) -> 0.060169492 | K5: =IF(B5=0,0,G5/B5) -> 1.8983051 | L5: =IF(B5=0,0,H5/B5) -> 0.14237288
A6: 10/2025 | B6: 1240 | C6: 1054 | D6: 4.4 | E6: 80 | F6: 11 | G6: 2360 | H6: 176 | I6: =IF(B6=0,0,C6/B6) -> 0.85 | J6: =IF(B6=0,0,E6/B6) -> 0.064516129 | K6: =IF(B6=0,0,G6/B6) -> 1.9032258 | L6: =IF(B6=0,0,H6/B6) -> 0.14193548
A7: 11/2025 | B7: 1310 | C7: 1088 | D7: 4.7 | E7: 92 | F7: 13 | G7: 2510 | H7: 187 | I7: =IF(B7=0,0,C7/B7) -> 0.83053435 | J7: =IF(B7=0,0,E7/B7) -> 0.070229008 | K7: =IF(B7=0,0,G7/B7) -> 1.9160305 | L7: =IF(B7=0,0,H7/B7) -> 0.14274809
A8: 12/2025 | B8: 1520 | C8: 1201 | D8: 5.3 | E8: 122 | F8: 18 | G8: 2980 | H8: 221 | I8: =IF(B8=0,0,C8/B8) -> 0.79013158 | J8: =IF(B8=0,0,E8/B8) -> 0.080263158 | K8: =IF(B8=0,0,G8/B8) -> 1.9605263 | L8: =IF(B8=0,0,H8/B8) -> 0.14539474
A9: 01/2026 | B9: 1610 | C9: 1240 | D9: 5.8 | E9: 145 | F9: 22 | G9: 3160 | H9: 236 | I9: =IF(B9=0,0,C9/B9) -> 0.77018634 | J9: =IF(B9=0,0,E9/B9) -> 0.090062112 | K9: =IF(B9=0,0,G9/B9) -> 1.9627329 | L9: =IF(B9=0,0,H9/B9) -> 0.14658385
A10: 02/2026 | B10: 980 | C10: 843 | D10: 4.1 | E10: 54 | F10: 7 | G10: 1890 | H10: 141 | I10: =IF(B10=0,0,C10/B10) -> 0.86020408 | J10: =IF(B10=0,0,E10/B10) -> 0.055102041 | K10: =IF(B10=0,0,G10/B10) -> 1.9285714 | L10: =IF(B10=0,0,H10/B10) -> 0.14387755
A11: 03/2026 | B11: 1350 | C11: 1120 | D11: 4.6 | E11: 88 | F11: 12 | G11: 2580 | H11: 193 | I11: =IF(B11=0,0,C11/B11) -> 0.82962963 | J11: =IF(B11=0,0,E11/B11) -> 0.065185185 | K11: =IF(B11=0,0,G11/B11) -> 1.9111111 | L11: =IF(B11=0,0,H11/B11) -> 0.14296296
A12: 04/2026 | B12: 1390 | C12: 1140 | D12: 4.8 | E12: 97 | F12: 14 | G12: 2660 | H12: 199 | I12: =IF(B12=0,0,C12/B12) -> 0.82014388 | J12: =IF(B12=0,0,E12/B12) -> 0.069784173 | K12: =IF(B12=0,0,G12/B12) -> 1.9136691 | L12: =IF(B12=0,0,H12/B12) -> 0.14316547
A13: 05/2026 | B13: 1420 | C13: 1150 | D13: 5 | E13: 105 | F13: 15 | G13: 2740 | H13: 205 | I13: =IF(B13=0,0,C13/B13) -> 0.80985915 | J13: =IF(B13=0,0,E13/B13) -> 0.073943662 | K13: =IF(B13=0,0,G13/B13) -> 1.9295775 | L13: =IF(B13=0,0,H13/B13) -> 0.1443662
A14: 06/2026 | B14: 1480 | C14: 1170 | D14: 5.4 | E14: 118 | F14: 17 | G14: 2870 | H14: 214 | I14: =IF(B14=0,0,C14/B14) -> 0.79054054 | J14: =IF(B14=0,0,E14/B14) -> 0.07972973 | K14: =IF(B14=0,0,G14/B14) -> 1.9391892 | L14: =IF(B14=0,0,H14/B14) -> 0.14459459
A15: 07/2026 | B15: 1530 | C15: 1178 | D15: 5.7 | E15: 131 | F15: 20 | G15: 2990 | H15: 224 | I15: =IF(B15=0,0,C15/B15) -> 0.76993464 | J15: =IF(B15=0,0,E15/B15) -> 0.085620915 | K15: =IF(B15=0,0,G15/B15) -> 1.9542484 | L15: =IF(B15=0,0,H15/B15) -> 0.14640523
A16: 08/2026 | B16: 1570 | C16: 1185 | D16: 6 | E16: 142 | F16: 23 | G16: 3080 | H16: 231 | I16: =IF(B16=0,0,C16/B16) -> 0.75477707 | J16: =IF(B16=0,0,E16/B16) -> 0.09044586 | K16: =IF(B16=0,0,G16/B16) -> 1.9617834 | L16: =IF(B16=0,0,H16/B16) -> 0.14713376
A17: Tổng / TB | B17: =SUM(B5:B16) -> 16580 | C17: =SUM(C5:C16) -> 13384 | D17: =SUMPRODUCT(B5:B16,D5:D16)/SUM(B5:B16) -> 5.0721351 | E17: =SUM(E5:E16) -> 1245 | F17: =SUM(F5:F16) -> 181 | G17: =SUM(G5:G16) -> 32060 | H17: =SUM(H5:H16) -> 2395 | I17: =IF(B17=0,0,C17/B17) -> 0.80723764 | J17: =IF(B17=0,0,E17/B17) -> 0.07509047 | K17: =IF(B17=0,0,G17/B17) -> 1.933655 | L17: =IF(B17=0,0,H17/B17) -> 0.14445115

Sheet KPI
A1: CHỈ SỐ THEN CHỐT (KPI)
A2: Hiện trạng tính từ sheet 'Dữ liệu'. Mục tiêu và ngưỡng: điền theo đề (chữ xanh). Trạng thái tự đánh giá.
A4: Chỉ số | B4: Cách tính | C4: Hiện trạng (12 tháng) | D4: Tháng gần nhất | E4: Mục tiêu 12 tháng | F4: Ngưỡng cảnh báo | G4: Chiều tốt | H4: Trạng thái hiện tại | I4: Đơn vị
A5: Tỷ lệ hồ sơ xử lý đúng hạn | B5: Σ đúng hạn / Σ tiếp nhận | C5: ='Dữ liệu'!I17 -> 0.80723764 | D5: ='Dữ liệu'!I16 -> 0.75477707 | E5: 0.95 | F5: 0.85 | G5: Tăng | H5: =IF(G5="Tăng",IF(C5>=E5,"Đạt mục tiêu",IF(C5<F5,"CẢNH BÁO","Chưa đạt")),IF(C5<=E5,"Đạt mục tiêu",IF(C5>F5,"CẢNH BÁO","Chưa đạt"))) -> CẢNH BÁO | I5: %
A6: Thời gian xử lý trung bình | B6: TB có trọng số theo hồ sơ | C6: ='Dữ liệu'!D17 -> 5.0721351 | D6: ='Dữ liệu'!D16 -> 6 | E6: 3 | F6: 5 | G6: Giảm | H6: =IF(G6="Tăng",IF(C6>=E6,"Đạt mục tiêu",IF(C6<F6,"CẢNH BÁO","Chưa đạt")),IF(C6<=E6,"Đạt mục tiêu",IF(C6>F6,"CẢNH BÁO","Chưa đạt"))) -> CẢNH BÁO | I6: ngày
A7: Tỷ lệ hồ sơ lỗi / trả lại | B7: Σ lỗi / Σ tiếp nhận | C7: ='Dữ liệu'!J17 -> 0.07509047 | D7: ='Dữ liệu'!J16 -> 0.09044586 | E7: 0.03 | F7: 0.08 | G7: Giảm | H7: =IF(G7="Tăng",IF(C7>=E7,"Đạt mục tiêu",IF(C7<F7,"CẢNH BÁO","Chưa đạt")),IF(C7<=E7,"Đạt mục tiêu",IF(C7>F7,"CẢNH BÁO","Chưa đạt"))) -> Chưa đạt | I7: %
A8: Khiếu nại trên 1.000 hồ sơ | B8: Σ khiếu nại / Σ tiếp nhận × 1000 | C8: =IF('Dữ liệu'!B17=0,0,'Dữ liệu'!F17/'Dữ liệu'!B17*1000) -> 10.916767 | D8: =IF('Dữ liệu'!B16=0,0,'Dữ liệu'!F16/'Dữ liệu'!B16*1000) -> 14.649682 | E8: 5 | F8: 12 | G8: Giảm | H8: =IF(G8="Tăng",IF(C8>=E8,"Đạt mục tiêu",IF(C8<F8,"CẢNH BÁO","Chưa đạt")),IF(C8<=E8,"Đạt mục tiêu",IF(C8>F8,"CẢNH BÁO","Chưa đạt"))) -> Chưa đạt | I8: vụ/1000
A9: Giờ công cán bộ trên 1 hồ sơ | B9: Σ giờ công / Σ tiếp nhận | C9: ='Dữ liệu'!K17 -> 1.933655 | D9: ='Dữ liệu'!K16 -> 1.9617834 | E9: 1.2 | F9: 2 | G9: Giảm | H9: =IF(G9="Tăng",IF(C9>=E9,"Đạt mục tiêu",IF(C9<F9,"CẢNH BÁO","Chưa đạt")),IF(C9<=E9,"Đạt mục tiêu",IF(C9>F9,"CẢNH BÁO","Chưa đạt"))) -> Chưa đạt | I9: giờ
A10: Chi phí xử lý 1 hồ sơ | B10: Σ chi phí / Σ tiếp nhận | C10: ='Dữ liệu'!L17 -> 0.14445115 | D10: ='Dữ liệu'!L16 -> 0.14713376 | E10: 0.1 | F10: 0.15 | G10: Giảm | H10: =IF(G10="Tăng",IF(C10>=E10,"Đạt mục tiêu",IF(C10<F10,"CẢNH BÁO","Chưa đạt")),IF(C10<=E10,"Đạt mục tiêu",IF(C10>F10,"CẢNH BÁO","Chưa đạt"))) -> Chưa đạt | I10: triệu đ
A12: Ghi chú: 'Chiều tốt' = Tăng nghĩa là chỉ số càng cao càng tốt. Trạng thái: Đạt mục tiêu / Chưa đạt / CẢNH BÁO (vượt ngưỡng).

Sheet So sánh phương án
A1: SO SÁNH 3 PHƯƠNG ÁN — điểm có trọng số
A2: Điền trọng số (tổng 100%) và điểm 1–5 (chữ xanh). Tổng tự tính bằng SUMPRODUCT.
A4: Tiêu chí | B4: Trọng số | C4: PA1 Cải tiến tối thiểu | D4: Lý do PA1 | E4: PA2 Tái thiết kế quy trình | F4: Lý do PA2 | G4: PA3 Chuyển đổi toàn diện | H4: Lý do PA3 | J4: Phương án | K4: Điểm
A5: Hiệu quả (giảm thời gian, lỗi) | B5: 0.3 | C5: 2 | D5: Chỉ hỗ trợ soạn thảo, quy trình giữ nguyên | E5: 4 | F5: Bỏ 2 bước trùng, AI phân loại đầu vào | G5: 5 | H5: Liên thông dữ liệu, bỏ nhập lại | J5: PA1 | K5: =C11 -> 3.95
A6: Chi phí đầu tư và vận hành | B6: 0.2 | C6: 5 | D6: Dùng công cụ sẵn có | E6: 3 | F6: Cần chỉnh hệ thống nội bộ | G6: 1 | H6: Đầu tư hạ tầng, tích hợp nhiều bên | J6: PA2 | K6: =E11 -> 3.5
A7: Khả thi pháp lý | B7: 0.2 | C7: 5 | D7: Không đụng quy định | E7: 4 | F7: Sửa quy định nội bộ, trong thẩm quyền | G7: 2 | H7: Cần thoả thuận chia sẻ dữ liệu liên ngành | J7: PA3 | K7: =G11 -> 2.55
A8: Rủi ro (dữ liệu, vận hành) | B8: 0.15 | C8: 4 | D8: Rủi ro thấp, dữ liệu không rời đơn vị | E8: 3 | F8: Cần kiểm soát đầu ra AI | G8: 2 | H8: Nhiều điểm tích hợp, phụ thuộc đối tác
A9: Thời gian triển khai | B9: 0.15 | C9: 5 | D9: 1–2 tháng | E9: 3 | F9: 4–6 tháng | G9: 1 | H9: 12 tháng trở lên
A10: Tổng trọng số (phải = 100%) | B10: =SUM(B5:B9) -> 1
A11: ĐIỂM TỔNG CÓ TRỌNG SỐ (thang 5) | C11: =SUMPRODUCT($B$5:$B$9,C5:C9) -> 3.95 | E11: =SUMPRODUCT($B$5:$B$9,E5:E9) -> 3.5 | G11: =SUMPRODUCT($B$5:$B$9,G5:G9) -> 2.55
A12: Xếp hạng | C12: =RANK(K5,$K$5:$K$7) -> 1 | E12: =RANK(K6,$K$5:$K$7) -> 2 | G12: =RANK(K7,$K$5:$K$7) -> 3
A13: Kiểm tra trọng số | B13: =IF(ABS(B10-1)<0.001,"OK","SAI: trọng số không bằng 100%") -> OK
A15: Điều kiện để lựa chọn đúng (điền tay):
A16: 1. ……… (ví dụ: đơn vị có ngân sách ≥ … trong năm nay)
A17: 2. ……… (ví dụ: pháp chế xác nhận sửa quy định nội bộ trong thẩm quyền Tổng Giám đốc)
A18: Nếu điều kiện không thoả → rơi về PA…

Sheet Kịch bản
A1: ƯỚC TÍNH HIỆU QUẢ — 3 KỊCH BẢN cho phương án đề xuất
A2: Điền % thay đổi (chữ xanh, âm = giảm). Giá trị dự kiến = hiện trạng × (1 + %). Tờ trình dùng kịch bản Cơ sở.
A4: Chỉ số | B4: Hiện trạng | C4: Thận trọng 6T | D4: Thận trọng 12T | E4: Cơ sở 6T | F4: Cơ sở 12T | G4: Lạc quan 6T | H4: Lạc quan 12T
A5: % thay đổi (điền)
A6: Tỷ lệ đúng hạn | B6: =KPI!C5 -> 0.80723764 | C6: 0.03 | D6: 0.06 | E6: 0.06 | F6: 0.1 | G6: 0.08 | H6: 0.12
A7: Thời gian xử lý TB (ngày) | B7: =KPI!C6 -> 5.0721351 | C7: -0.1 | D7: -0.2 | E7: -0.2 | F7: -0.35 | G7: -0.3 | H7: -0.45
A8: Tỷ lệ lỗi | B8: =KPI!C7 -> 0.07509047 | C8: -0.1 | D8: -0.2 | E8: -0.25 | F8: -0.4 | G8: -0.35 | H8: -0.55
A9: Giờ công / hồ sơ | B9: =KPI!C9 -> 1.933655 | C9: -0.05 | D9: -0.15 | E9: -0.15 | F9: -0.3 | G9: -0.25 | H9: -0.4
A11: GIÁ TRỊ DỰ KIẾN (tự tính)
A12: Tỷ lệ đúng hạn | B12: =B6 -> 0.80723764 | C12: =$B6*(1+C6) -> 0.83145476 | D12: =$B6*(1+D6) -> 0.85567189 | E12: =$B6*(1+E6) -> 0.85567189 | F12: =$B6*(1+F6) -> 0.8879614 | G12: =$B6*(1+G6) -> 0.87181665 | H12: =$B6*(1+H6) -> 0.90410615
A13: Thời gian xử lý TB (ngày) | B13: =B7 -> 5.0721351 | C13: =$B7*(1+C7) -> 4.5649216 | D13: =$B7*(1+D7) -> 4.0577081 | E13: =$B7*(1+E7) -> 4.0577081 | F13: =$B7*(1+F7) -> 3.2968878 | G13: =$B7*(1+G7) -> 3.5504946 | H13: =$B7*(1+H7) -> 2.7896743
A14: Tỷ lệ lỗi | B14: =B8 -> 0.07509047 | C14: =$B8*(1+C8) -> 0.067581423 | D14: =$B8*(1+D8) -> 0.060072376 | E14: =$B8*(1+E8) -> 0.056317853 | F14: =$B8*(1+F8) -> 0.045054282 | G14: =$B8*(1+G8) -> 0.048808806 | H14: =$B8*(1+H8) -> 0.033790712
A15: Giờ công / hồ sơ | B15: =B9 -> 1.933655 | C15: =$B9*(1+C9) -> 1.8369723 | D15: =$B9*(1+D9) -> 1.6436068 | E15: =$B9*(1+E9) -> 1.6436068 | F15: =$B9*(1+F9) -> 1.3535585 | G15: =$B9*(1+G9) -> 1.4502413 | H15: =$B9*(1+H9) -> 1.160193
A17: Ghi chú: các % là [GIẢ ĐỊNH]; căn cứ nêu trong tờ trình (ví dụ: kết quả thí điểm đơn vị khác, ước tính của phòng nghiệp vụ).

Sheet Dashboard
A1: DASHBOARD ĐIỀU HÀNH
A2: Ô số lấy từ sheet KPI; biểu đồ lấy từ sheet Dữ liệu. Đổi tiêu đề biểu đồ thành câu kết luận trước khi nộp.
A4: Tỷ lệ đúng hạn | C4: TG xử lý TB (ngày) | E4: Tỷ lệ lỗi | G4: Khiếu nại/1000 HS | I4: Giờ công/HS | K4: Chi phí/HS (tr.đ)
A5: =KPI!C5 -> 0.80723764 | C5: =KPI!C6 -> 5.0721351 | E5: =KPI!C7 -> 0.07509047 | G5: =KPI!C8 -> 10.916767 | I5: =KPI!C9 -> 1.933655 | K5: =KPI!C10 -> 0.14445115
A6: =KPI!H5 -> CẢNH BÁO | C6: =KPI!H6 -> CẢNH BÁO | E6: =KPI!H7 -> Chưa đạt | G6: =KPI!H8 -> Chưa đạt | I6: =KPI!H9 -> Chưa đạt | K6: =KPI!H10 -> Chưa đạt
A40: Thông điệp cho lãnh đạo (5 câu, từ prompt P7):
A41: ……

Sheet Ý nghĩa quản trị
A1: Ý NGHĨA QUẢN TRỊ CỦA TỪNG CHỈ SỐ
A2: Mỗi chỉ số 3 câu: nói lên gì · lãnh đạo quyết gì khi vượt ngưỡng · ai theo dõi, tần suất. Dán từ prompt P7.
A4: Chỉ số | B4: Giá trị hiện tại | C4: Trạng thái | D4: Chỉ số này nói lên điều gì | E4: Vượt/dưới ngưỡng thì lãnh đạo quyết định gì | F4: Ai theo dõi · tần suất
A5: =KPI!A5 -> Tỷ lệ hồ sơ xử lý đúng hạn | B5: =KPI!C5 -> 0.80723764 | C5: =KPI!H5 -> CẢNH BÁO | D5: Tỷ lệ hồ sơ đúng hạn dưới 80% cho thấy năng lực xử lý không theo kịp lượng tiếp nhận, đặc biệt các tháng cao điểm. | E5: Dưới ngưỡng 85%: điều động nhân sự tăng cường, xem xét cắt bước trùng lặp; cân nhắc thí điểm AI phân loại đầu vào. | F5: Trưởng phòng nghiệp vụ · hằng tuần
A6: =KPI!A6 -> Thời gian xử lý trung bình | B6: =KPI!C6 -> 5.0721351 | C6: =KPI!H6 -> CẢNH BÁO | D6: Thời gian xử lý tăng từ 4,2 lên 6,0 ngày cho thấy tắc nghẽn ở khâu kiểm tra, không phải ở khâu tiếp nhận. | E6: Vượt 5 ngày: yêu cầu báo cáo điểm nghẽn theo bước; phê duyệt phương án tái thiết kế quy trình. | F6: Trưởng phòng nghiệp vụ · hằng tuần
A7: =KPI!A7 -> Tỷ lệ hồ sơ lỗi / trả lại | B7: =KPI!C7 -> 0.07509047 | C7: =KPI!H7 -> Chưa đạt | D7: Tỷ lệ lỗi/trả lại 9% cho thấy hướng dẫn cho khách hàng và kiểm tra đầu vào chưa đủ rõ. | E7: Vượt 8%: rà soát biểu mẫu, bổ sung kiểm tra tự động trước khi tiếp nhận. | F7: Bộ phận kiểm soát nội bộ · hằng tháng
A8: =KPI!A8 -> Khiếu nại trên 1.000 hồ sơ | B8: =KPI!C8 -> 10.916767 | C8: =KPI!H8 -> Chưa đạt | D8: Khiếu nại tăng cùng chiều với thời gian xử lý: khách hàng phản ứng với sự chậm trễ hơn là với kết quả. | E8: Vượt 12/1000: mở kênh thông báo tiến độ tự động cho khách hàng; báo cáo Ban Giám đốc. | F8: Bộ phận chăm sóc khách hàng · hằng tháng
A9: =KPI!A9 -> Giờ công cán bộ trên 1 hồ sơ | B9: =KPI!C9 -> 1.933655 | C9: =KPI!H9 -> Chưa đạt | D9: Gần 2 giờ công cho một hồ sơ, phần lớn ở nhập liệu và đối chiếu thủ công. | E9: Vượt 2 giờ: ưu tiên tự động hoá nhập liệu; đánh giá lại định biên. | F9: Phòng Tổ chức · hằng quý
A10: =KPI!A10 -> Chi phí xử lý 1 hồ sơ | B10: =KPI!C10 -> 0.14445115 | C10: =KPI!H10 -> Chưa đạt | D10: Chi phí xử lý một hồ sơ tăng theo giờ công; cho thấy tăng nhân sự không phải lời giải bền vững. | E10: Vượt 0,15 triệu: phê duyệt đầu tư công cụ thay vì tăng biên chế. | F10: Phòng Kế hoạch tài chính · hằng quý
A12: Các câu trên là ví dụ theo số liệu mẫu [GIẢ ĐỊNH]; khi thi thay bằng nội dung từ prompt P7 khớp với số thật.
